{"cameraMode":{"drawMode":0,"name":"Shaded","section":"Shading Mode"},"sceneLighting":true,"audioPlay":false,"sceneViewState":{"showFog":true,"showMaterialUpdate":false,"showSkybox":true,"showFlares":true,"showImageEffects":true,"showParticleSystems":true},"in2DMode":false,"pivot":{"x":-15.115345001220704,"y":-24.687570571899415,"z":43.59037780761719},"rotation":{"x":-0.26388218998908999,"y":0.14060012996196748,"z":-0.03891503065824509,"w":-0.9534756541252136},"size":37.432125091552737,"orthographic":false}