{"cameraMode":{"drawMode":0,"name":"Shaded","section":"Shading Mode"},"sceneLighting":false,"audioPlay":false,"sceneViewState":{"showFog":true,"showMaterialUpdate":false,"showSkybox":false,"showFlares":true,"showImageEffects":true,"showParticleSystems":true},"in2DMode":false,"pivot":{"x":0.0000997781753540039,"y":0.8940125703811646,"z":0.007955163717269898},"rotation":{"x":-0.16058607399463654,"y":0.24389681220054627,"z":-0.040989767760038379,"w":-0.9555517435073853},"size":1.5810015201568604,"orthographic":false}